disease,ratio
BPHIGH6,1.2672234126867643
TOLDHI3,1.3281487844945818
CVDINFR4,16.32559443696725
CVDCRHD4,15.112965474079482
CVDSTRK3,21.33265866705219
ASTHMA3,5.616481774960381
CHCSCNC1,9.654917919713064
CHCOCNC1,6.676539283407046
CHCCOPD3,10.935022792242911
ADDEPEV3,3.587503340955662
CHCKDNY2,17.61593154977103
HAVARTH4,1.748861128905972
DIABETE4,5.406295359349729
